{
    "tracks": [
        {
            "id": 21,
            "title": "Arquitetura de Testes Automatizados",
            "level": "Avancado",
            "audience": "QAs e desenvolvedores sênior",
            "outcomes": [
                "Projetar frameworks de testes escaláveis",
                "Definir padrões de automação"
            ],
            "hours_total": 6,
            "modules": [
                {
                    "title": "Módulo 1: Design de Framework",
                    "hours": 3,
                    "objectives": [
                        "Definir arquitetura de testes",
                        "Escolher padrões de projeto"
                    ],
                    "prereqs": [],
                    "lessons": [],
                    "mission": {
                        "type": "QA_MISSION",
                        "scenario": "Planejar a arquitetura de um framework de automação completo.",
                        "acceptance_criteria": [
                            "Arquitetura documentada e aprovada."
                        ],
                        "rubric": {
                            "critical": 60,
                            "minor": 30,
                            "report_quality": 10
                        },
                        "points": 10
                    }
                },
                {
                    "title": "Módulo 2: Implementação e Estrutura",
                    "hours": 3,
                    "objectives": [
                        "Criar estrutura de pastas",
                        "Organizar módulos e helpers"
                    ],
                    "prereqs": [
                        "Módulo 1"
                    ],
                    "lessons": [],
                    "mission": {
                        "type": "FALHA_CONTROLADA",
                        "scenario": "Implementar a estrutura inicial do framework em um projeto de teste.",
                        "acceptance_criteria": [
                            "Framework inicial funcionando."
                        ],
                        "rubric": {
                            "critical": 60,
                            "minor": 30,
                            "report_quality": 10
                        },
                        "points": 10
                    }
                }
            ]
        },
        {
            "id": 22,
            "title": "CI/CD com Pipelines de QA",
            "level": "Avancado",
            "audience": "QAs e devs que trabalham com pipelines",
            "outcomes": [
                "Integrar testes automatizados a pipelines CI/CD",
                "Automatizar deploy e relatórios"
            ],
            "hours_total": 6,
            "modules": [
                {
                    "title": "Módulo 1: Pipelines Básicos",
                    "hours": 3,
                    "objectives": [
                        "Criar pipeline simples",
                        "Executar testes automatizados"
                    ],
                    "prereqs": [],
                    "lessons": [],
                    "mission": {
                        "type": "QA_MISSION",
                        "scenario": "Criar pipeline de CI que execute testes de regressão automaticamente.",
                        "acceptance_criteria": [
                            "Pipeline funcionando corretamente."
                        ],
                        "rubric": {
                            "critical": 60,
                            "minor": 30,
                            "report_quality": 10
                        },
                        "points": 10
                    }
                },
                {
                    "title": "Módulo 2: Integração Avançada",
                    "hours": 3,
                    "objectives": [
                        "Gerar relatórios avançados",
                        "Enviar notificações em falhas"
                    ],
                    "prereqs": [
                        "Módulo 1"
                    ],
                    "lessons": [],
                    "mission": {
                        "type": "FALHA_CONTROLADA",
                        "scenario": "Configurar pipeline que gera relatórios HTML e notifica falhas via Slack.",
                        "acceptance_criteria": [
                            "Relatórios gerados e notificações funcionando."
                        ],
                        "rubric": {
                            "critical": 60,
                            "minor": 30,
                            "report_quality": 10
                        },
                        "points": 10
                    }
                }
            ]
        },
        {
            "id": 23,
            "title": "Testes com Integração em Containers (Docker)",
            "level": "Avancado",
            "audience": "QAs e devs com conhecimento em containers",
            "outcomes": [
                "Executar testes em ambientes containerizados",
                "Simular diferentes ambientes facilmente"
            ],
            "hours_total": 6,
            "modules": [
                {
                    "title": "Módulo 1: Docker Básico",
                    "hours": 3,
                    "objectives": [
                        "Criar containers",
                        "Subir ambientes para testes"
                    ],
                    "prereqs": [],
                    "lessons": [],
                    "mission": {
                        "type": "QA_MISSION",
                        "scenario": "Criar container com ambiente de teste completo.",
                        "acceptance_criteria": [
                            "Container funcionando e testes executando."
                        ],
                        "rubric": {
                            "critical": 60,
                            "minor": 30,
                            "report_quality": 10
                        },
                        "points": 10
                    }
                },
                {
                    "title": "Módulo 2: Integração de Testes",
                    "hours": 3,
                    "objectives": [
                        "Executar testes dentro de containers",
                        "Gerar relatórios consistentes"
                    ],
                    "prereqs": [
                        "Módulo 1"
                    ],
                    "lessons": [],
                    "mission": {
                        "type": "FALHA_CONTROLADA",
                        "scenario": "Rodar suíte de testes automatizados dentro de containers Docker.",
                        "acceptance_criteria": [
                            "Testes executados corretamente em container."
                        ],
                        "rubric": {
                            "critical": 60,
                            "minor": 30,
                            "report_quality": 10
                        },
                        "points": 10
                    }
                }
            ]
        },
        {
            "id": 24,
            "title": "Automação Paralela e Escalabilidade",
            "level": "Avancado",
            "audience": "QAs e devs que precisam otimizar execução de testes",
            "outcomes": [
                "Executar testes em paralelo",
                "Reduzir tempo de execução de suítes grandes"
            ],
            "hours_total": 6,
            "modules": [
                {
                    "title": "Módulo 1: Paralelismo Básico",
                    "hours": 3,
                    "objectives": [
                        "Configurar execução paralela",
                        "Executar múltiplos testes simultaneamente"
                    ],
                    "prereqs": [],
                    "lessons": [],
                    "mission": {
                        "type": "QA_MISSION",
                        "scenario": "Configurar e executar testes paralelos em framework existente.",
                        "acceptance_criteria": [
                            "Testes executados em paralelo sem conflitos."
                        ],
                        "rubric": {
                            "critical": 60,
                            "minor": 30,
                            "report_quality": 10
                        },
                        "points": 10
                    }
                },
                {
                    "title": "Módulo 2: Escalabilidade",
                    "hours": 3,
                    "objectives": [
                        "Distribuir testes em múltiplos nodes",
                        "Gerenciar recursos de execução"
                    ],
                    "prereqs": [
                        "Módulo 1"
                    ],
                    "lessons": [],
                    "mission": {
                        "type": "FALHA_CONTROLADA",
                        "scenario": "Distribuir testes em diversos nodes para reduzir tempo total.",
                        "acceptance_criteria": [
                            "Execução escalável concluída com sucesso."
                        ],
                        "rubric": {
                            "critical": 60,
                            "minor": 30,
                            "report_quality": 10
                        },
                        "points": 10
                    }
                }
            ]
        },
        {
            "id": 25,
            "title": "Frameworks Customizados em Cypress e Playwright",
            "level": "Avancado",
            "audience": "QAs e devs web avançados",
            "outcomes": [
                "Criar frameworks customizados",
                "Integrar ferramentas de teste"
            ],
            "hours_total": 6,
            "modules": [
                {
                    "title": "Módulo 1: Cypress Custom",
                    "hours": 3,
                    "objectives": [
                        "Configurar Cypress customizado",
                        "Criar comandos reutilizáveis"
                    ],
                    "prereqs": [],
                    "lessons": [],
                    "mission": {
                        "type": "QA_MISSION",
                        "scenario": "Criar framework Cypress customizado com comandos reutilizáveis.",
                        "acceptance_criteria": [
                            "Framework funcionando corretamente."
                        ],
                        "rubric": {
                            "critical": 60,
                            "minor": 30,
                            "report_quality": 10
                        },
                        "points": 10
                    }
                },
                {
                    "title": "Módulo 2: Playwright Custom",
                    "hours": 3,
                    "objectives": [
                        "Configurar Playwright custom",
                        "Integrar relatórios e hooks"
                    ],
                    "prereqs": [
                        "Módulo 1"
                    ],
                    "lessons": [],
                    "mission": {
                        "type": "FALHA_CONTROLADA",
                        "scenario": "Criar framework Playwright customizado com integração de relatórios.",
                        "acceptance_criteria": [
                            "Framework funcionando e relatórios gerados."
                        ],
                        "rubric": {
                            "critical": 60,
                            "minor": 30,
                            "report_quality": 10
                        },
                        "points": 10
                    }
                }
            ]
        },
        {
            "id": 26,
            "title": "Testes de Segurança com OWASP ZAP",
            "level": "Avancado",
            "audience": "QAs e devs focados em segurança",
            "outcomes": [
                "Executar testes de segurança automatizados",
                "Detectar vulnerabilidades comuns"
            ],
            "hours_total": 6,
            "modules": [
                {
                    "title": "Módulo 1: OWASP ZAP Básico",
                    "hours": 3,
                    "objectives": [
                        "Instalar ZAP",
                        "Executar scan automatizado"
                    ],
                    "prereqs": [],
                    "lessons": [],
                    "mission": {
                        "type": "QA_MISSION",
                        "scenario": "Executar scan básico de segurança em aplicação de teste.",
                        "acceptance_criteria": [
                            "Vulnerabilidades identificadas corretamente."
                        ],
                        "rubric": {
                            "critical": 60,
                            "minor": 30,
                            "report_quality": 10
                        },
                        "points": 10
                    }
                },
                {
                    "title": "Módulo 2: Testes Avançados",
                    "hours": 3,
                    "objectives": [
                        "Configurar regras avançadas",
                        "Gerar relatórios detalhados"
                    ],
                    "prereqs": [
                        "Módulo 1"
                    ],
                    "lessons": [],
                    "mission": {
                        "type": "FALHA_CONTROLADA",
                        "scenario": "Executar testes avançados e gerar relatório completo de segurança.",
                        "acceptance_criteria": [
                            "Relatório completo gerado e analisado."
                        ],
                        "rubric": {
                            "critical": 60,
                            "minor": 30,
                            "report_quality": 10
                        },
                        "points": 10
                    }
                }
            ]
        },
        {
            "id": 27,
            "title": "QA em Ambientes Cloud e Microserviços",
            "level": "Avancado",
            "audience": "QAs e devs em cloud",
            "outcomes": [
                "Testar aplicações distribuídas",
                "Validar microserviços"
            ],
            "hours_total": 6,
            "modules": [
                {
                    "title": "Módulo 1: Cloud Basics",
                    "hours": 3,
                    "objectives": [
                        "Entender cloud e containers",
                        "Configurar ambiente de teste"
                    ],
                    "prereqs": [],
                    "lessons": [],
                    "mission": {
                        "type": "QA_MISSION",
                        "scenario": "Configurar ambiente de teste para microserviço em cloud.",
                        "acceptance_criteria": [
                            "Ambiente pronto para testes."
                        ],
                        "rubric": {
                            "critical": 60,
                            "minor": 30,
                            "report_quality": 10
                        },
                        "points": 10
                    }
                },
                {
                    "title": "Módulo 2: Testando Microserviços",
                    "hours": 3,
                    "objectives": [
                        "Executar testes unitários e integração",
                        "Validar comunicação entre serviços"
                    ],
                    "prereqs": [
                        "Módulo 1"
                    ],
                    "lessons": [],
                    "mission": {
                        "type": "FALHA_CONTROLADA",
                        "scenario": "Testar integração entre microserviços em cloud.",
                        "acceptance_criteria": [
                            "Testes executados com sucesso."
                        ],
                        "rubric": {
                            "critical": 60,
                            "minor": 30,
                            "report_quality": 10
                        },
                        "points": 10
                    }
                }
            ]
        },
        {
            "id": 28,
            "title": "Estratégias de Teste Baseadas em Risco",
            "level": "Avancado",
            "audience": "QAs e líderes de QA",
            "outcomes": [
                "Definir estratégias de teste baseadas em risco",
                "Priorizar testes críticos"
            ],
            "hours_total": 6,
            "modules": [
                {
                    "title": "Módulo 1: Identificação de Riscos",
                    "hours": 3,
                    "objectives": [
                        "Mapear riscos de aplicação",
                        "Priorizar áreas críticas"
                    ],
                    "prereqs": [],
                    "lessons": [],
                    "mission": {
                        "type": "QA_MISSION",
                        "scenario": "Mapear riscos de um sistema e criar plano de teste baseado em risco.",
                        "acceptance_criteria": [
                            "Plano criado e aprovado."
                        ],
                        "rubric": {
                            "critical": 60,
                            "minor": 30,
                            "report_quality": 10
                        },
                        "points": 10
                    }
                },
                {
                    "title": "Módulo 2: Priorização e Execução",
                    "hours": 3,
                    "objectives": [
                        "Priorizar casos críticos",
                        "Executar testes baseados em risco"
                    ],
                    "prereqs": [
                        "Módulo 1"
                    ],
                    "lessons": [],
                    "mission": {
                        "type": "FALHA_CONTROLADA",
                        "scenario": "Executar suíte de teste priorizando áreas de maior risco.",
                        "acceptance_criteria": [
                            "Testes críticos executados corretamente."
                        ],
                        "rubric": {
                            "critical": 60,
                            "minor": 30,
                            "report_quality": 10
                        },
                        "points": 10
                    }
                }
            ]
        },
        {
            "id": 29,
            "title": "Automação com Inteligência Artificial",
            "level": "Avancado",
            "audience": "QAs e devs interessados em IA",
            "outcomes": [
                "Integrar IA em testes automatizados",
                "Gerar insights de teste com ML"
            ],
            "hours_total": 6,
            "modules": [
                {
                    "title": "Módulo 1: Introdução à IA em QA",
                    "hours": 3,
                    "objectives": [
                        "Entender ML e IA",
                        "Aplicar IA para geração de testes"
                    ],
                    "prereqs": [],
                    "lessons": [],
                    "mission": {
                        "type": "QA_MISSION",
                        "scenario": "Aplicar técnicas de IA para criar casos de teste inteligentes.",
                        "acceptance_criteria": [
                            "Casos de teste gerados automaticamente."
                        ],
                        "rubric": {
                            "critical": 60,
                            "minor": 30,
                            "report_quality": 10
                        },
                        "points": 10
                    }
                },
                {
                    "title": "Módulo 2: Testes Assistidos por IA",
                    "hours": 3,
                    "objectives": [
                        "Executar testes assistidos por IA",
                        "Analisar resultados preditivos"
                    ],
                    "prereqs": [
                        "Módulo 1"
                    ],
                    "lessons": [],
                    "mission": {
                        "type": "FALHA_CONTROLADA",
                        "scenario": "Executar suíte de testes com recomendações geradas por IA.",
                        "acceptance_criteria": [
                            "Execução assistida funcionando corretamente."
                        ],
                        "rubric": {
                            "critical": 60,
                            "minor": 30,
                            "report_quality": 10
                        },
                        "points": 10
                    }
                }
            ]
        },
        {
            "id": 30,
            "title": "Liderança e Mentoria em QA",
            "level": "Avancado",
            "audience": "Líderes de QA e mentores",
            "outcomes": [
                "Gerenciar equipes de QA",
                "Mentorar profissionais juniores"
            ],
            "hours_total": 6,
            "modules": [
                {
                    "title": "Módulo 1: Liderança em QA",
                    "hours": 3,
                    "objectives": [
                        "Gerenciar equipe de QA",
                        "Planejar roadmap de testes"
                    ],
                    "prereqs": [],
                    "lessons": [],
                    "mission": {
                        "type": "QA_MISSION",
                        "scenario": "Criar plano de liderança e distribuição de tarefas para equipe de QA.",
                        "acceptance_criteria": [
                            "Plano aprovado pelo gerente."
                        ],
                        "rubric": {
                            "critical": 60,
                            "minor": 30,
                            "report_quality": 10
                        },
                        "points": 10
                    }
                },
                {
                    "title": "Módulo 2: Mentoria e Treinamento",
                    "hours": 3,
                    "objectives": [
                        "Mentorar QAs juniores",
                        "Organizar treinamentos internos"
                    ],
                    "prereqs": [
                        "Módulo 1"
                    ],
                    "lessons": [],
                    "mission": {
                        "type": "FALHA_CONTROLADA",
                        "scenario": "Criar plano de mentoria e conduzir um treinamento interno.",
                        "acceptance_criteria": [
                            "Mentoria realizada com feedback positivo."
                        ],
                        "rubric": {
                            "critical": 60,
                            "minor": 30,
                            "report_quality": 10
                        },
                        "points": 10
                    }
                }
            ]
        }
    ]
}