{
  "tracks": [
    {
      "id": 1,
      "title": "Introdução ao QA",
      "level": "Basico",
      "audience": "Iniciantes em QA",
      "outcomes": [
        "Entender o papel do QA",
        "Aprender conceitos básicos de teste"
      ],
      "hours_total": 6,
      "modules": [
        {
          "title": "Módulo 1: Fundamentos de QA",
          "hours": 3,
          "objectives": [
            "O que é QA",
            "Tipos de testes"
          ],
          "prereqs": [],
          "lessons": [
            {
              "title": "Introdução aos Testes de Software",
              "type": "video",
              "duration_min": 15,
              "videoUrl": "https://www.youtube.com/watch?v=uHxH8inV9UM",
              "summary": "Conceitos básicos de QA e testes",
              "resources": [],
              "practice": {
                "steps": [
                  "Exemplo de teste manual"
                ],
                "deliverable": "Print do teste realizado"
              },
              "quiz": [
                {
                  "q": "O que é QA?",
                  "choices": [
                    "Garantia de Qualidade",
                    "Desenvolvimento",
                    "Marketing",
                    "Suporte"
                  ],
                  "answer": 0,
                  "explanation": "QA é Garantia de Qualidade"
                }
              ]
            }
          ],
          "mission": {
            "type": "QA_MISSION",
            "scenario": "Registrar 3 bugs em um site de teste",
            "acceptance_criteria": [
              "Bugs registrados corretamente"
            ],
            "rubric": {
              "critical": 60,
              "minor": 30,
              "report_quality": 10
            },
            "points": 10
          }
        },
        {
          "title": "Módulo 2: Ferramentas de QA",
          "hours": 3,
          "objectives": [
            "Apresentar ferramentas básicas de teste",
            "Executar testes simples"
          ],
          "prereqs": [
            "Módulo 1"
          ],
          "lessons": [
            {
              "title": "Explorando Ferramentas de QA",
              "type": "video",
              "duration_min": 20,
              "videoUrl": "",
              "summary": "Visão geral das ferramentas mais usadas em QA",
              "resources": [],
              "practice": {
                "steps": [
                  "Instalar uma ferramenta de teste"
                ],
                "deliverable": "Print da ferramenta em uso"
              },
              "quiz": []
            }
          ],
          "mission": {
            "type": "FALHA_CONTROLADA",
            "scenario": "Executar teste de um site usando ferramenta",
            "acceptance_criteria": [
              "Teste realizado e registrado"
            ],
            "rubric": {
              "critical": 60,
              "minor": 30,
              "report_quality": 10
            },
            "points": 10
          }
        }
      ]
    },
    {
      "id": 2,
      "title": "Fundamentos de Testes de Software",
      "level": "Basico",
      "audience": "Iniciantes em QA",
      "outcomes": [
        "Aprender tipos de teste",
        "Executar casos simples"
      ],
      "hours_total": 6,
      "modules": [
        {
          "title": "Módulo 1: Tipos de Teste",
          "hours": 3,
          "objectives": [
            "Teste funcional",
            "Teste não funcional"
          ],
          "prereqs": [],
          "lessons": [],
          "mission": {
            "type": "QA_MISSION",
            "scenario": "Identificar tipos de teste em um site",
            "acceptance_criteria": [
              "Todos os testes classificados corretamente"
            ],
            "rubric": {
              "critical": 60,
              "minor": 30,
              "report_quality": 10
            },
            "points": 10
          }
        },
        {
          "title": "Módulo 2: Executando Testes",
          "hours": 3,
          "objectives": [
            "Criar casos de teste simples",
            "Registrar evidências"
          ],
          "prereqs": [
            "Módulo 1"
          ],
          "lessons": [],
          "mission": {
            "type": "FALHA_CONTROLADA",
            "scenario": "Executar casos de teste em uma aplicação simples",
            "acceptance_criteria": [
              "Testes completados com sucesso"
            ],
            "rubric": {
              "critical": 60,
              "minor": 30,
              "report_quality": 10
            },
            "points": 10
          }
        }
      ]
    },
    {
      "id": 3,
      "title": "Tipos de Teste e Estratégias",
      "level": "Basico",
      "audience": "Iniciantes em QA",
      "outcomes": [
        "Compreender estratégias de teste",
        "Aplicar tipos de teste"
      ],
      "hours_total": 6,
      "modules": [
        {
          "title": "Módulo 1",
          "hours": 3,
          "objectives": [
            "Tipos de teste"
          ],
          "prereqs": [],
          "lessons": [],
          "mission": {
            "type": "QA_MISSION",
            "scenario": "Exemplo de teste",
            "acceptance_criteria": [
              "Ok"
            ],
            "rubric": {
              "critical": 60,
              "minor": 30,
              "report_quality": 10
            },
            "points": 10
          }
        },
        {
          "title": "Módulo 2",
          "hours": 3,
          "objectives": [
            "Aplicar estratégias"
          ],
          "prereqs": [
            "Módulo 1"
          ],
          "lessons": [],
          "mission": {
            "type": "FALHA_CONTROLADA",
            "scenario": "Exemplo de teste",
            "acceptance_criteria": [
              "Ok"
            ],
            "rubric": {
              "critical": 60,
              "minor": 30,
              "report_quality": 10
            },
            "points": 10
          }
        }
      ]
    },
    {
      "id": 4,
      "title": "Ciclo de Vida do Bug",
      "level": "Basico",
      "audience": "Iniciantes",
      "outcomes": [
        "Entender ciclo de bug",
        "Registrar bug"
      ],
      "hours_total": 6,
      "modules": [
        {
          "title": "Módulo 1",
          "hours": 3,
          "objectives": [
            "Lifecycle"
          ],
          "prereqs": [],
          "lessons": [],
          "mission": {
            "type": "QA_MISSION",
            "scenario": "Registrar bug",
            "acceptance_criteria": [
              "Ok"
            ],
            "rubric": {
              "critical": 60,
              "minor": 30,
              "report_quality": 10
            },
            "points": 10
          }
        },
        {
          "title": "Módulo 2",
          "hours": 3,
          "objectives": [
            "Prática de bug"
          ],
          "prereqs": [
            "Módulo 1"
          ],
          "lessons": [],
          "mission": {
            "type": "FALHA_CONTROLADA",
            "scenario": "Corrigir bug",
            "acceptance_criteria": [
              "Ok"
            ],
            "rubric": {
              "critical": 60,
              "minor": 30,
              "report_quality": 10
            },
            "points": 10
          }
        }
      ]
    },
    {
      "id": 5,
      "title": "Testes de API: Automação com Postman e Newman",
      "level": "Basico",
      "audience": "QAs iniciantes",
      "outcomes": [
        "Entender API",
        "Criar requisições"
      ],
      "hours_total": 6,
      "modules": [
        {
          "title": "Módulo 1",
          "hours": 3,
          "objectives": [
            "Postman"
          ],
          "prereqs": [],
          "lessons": [],
          "mission": {
            "type": "QA_MISSION",
            "scenario": "Testar API",
            "acceptance_criteria": [
              "Ok"
            ],
            "rubric": {
              "critical": 60,
              "minor": 30,
              "report_quality": 10
            },
            "points": 10
          }
        },
        {
          "title": "Módulo 2",
          "hours": 3,
          "objectives": [
            "Newman"
          ],
          "prereqs": [
            "Módulo 1"
          ],
          "lessons": [],
          "mission": {
            "type": "FALHA_CONTROLADA",
            "scenario": "Executar Newman",
            "acceptance_criteria": [
              "Ok"
            ],
            "rubric": {
              "critical": 60,
              "minor": 30,
              "report_quality": 10
            },
            "points": 10
          }
        }
      ]
    },
    {
      "id": 6,
      "title": "Versionamento com Git e GitHub",
      "level": "Basico",
      "audience": "Iniciantes",
      "outcomes": [
        "Aprender Git",
        "Versionar código"
      ],
      "hours_total": 6,
      "modules": [
        {
          "title": "Módulo 1",
          "hours": 3,
          "objectives": [
            "Git Básico"
          ],
          "prereqs": [],
          "lessons": [],
          "mission": {
            "type": "QA_MISSION",
            "scenario": "Criar repositório",
            "acceptance_criteria": [
              "Ok"
            ],
            "rubric": {
              "critical": 60,
              "minor": 30,
              "report_quality": 10
            },
            "points": 10
          }
        },
        {
          "title": "Módulo 2",
          "hours": 3,
          "objectives": [
            "GitHub"
          ],
          "prereqs": [
            "Módulo 1"
          ],
          "lessons": [],
          "mission": {
            "type": "FALHA_CONTROLADA",
            "scenario": "Fazer push",
            "acceptance_criteria": [
              "Ok"
            ],
            "rubric": {
              "critical": 60,
              "minor": 30,
              "report_quality": 10
            },
            "points": 10
          }
        }
      ]
    },
    {
      "id": 7,
      "title": "Ambientes de Teste e Configurações",
      "level": "Basico",
      "audience": "Iniciantes",
      "outcomes": [
        "Preparar ambiente",
        "Configurar ferramentas"
      ],
      "hours_total": 6,
      "modules": [
        {
          "title": "Módulo 1",
          "hours": 3,
          "objectives": [
            "Configuração"
          ],
          "prereqs": [],
          "lessons": [],
          "mission": {
            "type": "QA_MISSION",
            "scenario": "Configurar ambiente",
            "acceptance_criteria": [
              "Ok"
            ],
            "rubric": {
              "critical": 60,
              "minor": 30,
              "report_quality": 10
            },
            "points": 10
          }
        },
        {
          "title": "Módulo 2",
          "hours": 3,
          "objectives": [
            "Testar ambiente"
          ],
          "prereqs": [
            "Módulo 1"
          ],
          "lessons": [],
          "mission": {
            "type": "FALHA_CONTROLADA",
            "scenario": "Executar teste",
            "acceptance_criteria": [
              "Ok"
            ],
            "rubric": {
              "critical": 60,
              "minor": 30,
              "report_quality": 10
            },
            "points": 10
          }
        }
      ]
    },
    {
      "id": 8,
      "title": "Relatórios e Evidências de Teste",
      "level": "Basico",
      "audience": "Iniciantes",
      "outcomes": [
        "Gerar relatórios",
        "Registrar evidências"
      ],
      "hours_total": 6,
      "modules": [
        {
          "title": "Módulo 1",
          "hours": 3,
          "objectives": [
            "Relatórios"
          ],
          "prereqs": [],
          "lessons": [],
          "mission": {
            "type": "QA_MISSION",
            "scenario": "Criar relatório",
            "acceptance_criteria": [
              "Ok"
            ],
            "rubric": {
              "critical": 60,
              "minor": 30,
              "report_quality": 10
            },
            "points": 10
          }
        },
        {
          "title": "Módulo 2",
          "hours": 3,
          "objectives": [
            "Evidências"
          ],
          "prereqs": [
            "Módulo 1"
          ],
          "lessons": [],
          "mission": {
            "type": "FALHA_CONTROLADA",
            "scenario": "Registrar evidências",
            "acceptance_criteria": [
              "Ok"
            ],
            "rubric": {
              "critical": 60,
              "minor": 30,
              "report_quality": 10
            },
            "points": 10
          }
        }
      ]
    },
    {
      "id": 9,
      "title": "Planejamento de Testes Manuais",
      "level": "Basico",
      "audience": "Iniciantes",
      "outcomes": [
        "Planejar casos",
        "Executar testes"
      ],
      "hours_total": 6,
      "modules": [
        {
          "title": "Módulo 1",
          "hours": 3,
          "objectives": [
            "Planejar testes"
          ],
          "prereqs": [],
          "lessons": [],
          "mission": {
            "type": "QA_MISSION",
            "scenario": "Planejar teste",
            "acceptance_criteria": [
              "Ok"
            ],
            "rubric": {
              "critical": 60,
              "minor": 30,
              "report_quality": 10
            },
            "points": 10
          }
        },
        {
          "title": "Módulo 2",
          "hours": 3,
          "objectives": [
            "Executar testes"
          ],
          "prereqs": [
            "Módulo 1"
          ],
          "lessons": [],
          "mission": {
            "type": "FALHA_CONTROLADA",
            "scenario": "Executar teste",
            "acceptance_criteria": [
              "Ok"
            ],
            "rubric": {
              "critical": 60,
              "minor": 30,
              "report_quality": 10
            },
            "points": 10
          }
        }
      ]
    },
    {
      "id": 10,
      "title": "Boas Práticas em QA",
      "level": "Basico",
      "audience": "Iniciantes",
      "outcomes": [
        "Adotar boas práticas",
        "Evitar erros comuns"
      ],
      "hours_total": 6,
      "modules": [
        {
          "title": "Módulo 1",
          "hours": 3,
          "objectives": [
            "Boas práticas"
          ],
          "prereqs": [],
          "lessons": [],
          "mission": {
            "type": "QA_MISSION",
            "scenario": "Aplicar boas práticas",
            "acceptance_criteria": [
              "Ok"
            ],
            "rubric": {
              "critical": 60,
              "minor": 30,
              "report_quality": 10
            },
            "points": 10
          }
        },
        {
          "title": "Módulo 2",
          "hours": 3,
          "objectives": [
            "Evitar erros"
          ],
          "prereqs": [
            "Módulo 1"
          ],
          "lessons": [],
          "mission": {
            "type": "FALHA_CONTROLADA",
            "scenario": "Evitar erros comuns",
            "acceptance_criteria": [
              "Ok"
            ],
            "rubric": {
              "critical": 60,
              "minor": 30,
              "report_quality": 10
            },
            "points": 10
          }
        }
      ]
    }
  ]
}